Group 1,Group 2,H,p-value,q-value
None (n=5),Streptomycin (n=5),6.818181818181813,0.009023438818080334,0.009023438818080334
